0,0,0,0,0,0,0,0,0,0,0,0,0,0,0,0,0,0,0,0,0,0,0,0,0,0,0,0,0,0,0,0,0,0,0,0,0,0,0,0,0,0,0,0,0,0,0,0,0,0
-0.0000121709114278935,0.308771914539732,0.0000666745277718827,-0.028248885436515,0.0000139570177336648,-1.46720973851532e-6,0.0000131349497475053,-0.0000118498240839376,7.3484689100057e-6,-0.0145829250810874,8.25571851909017e-6,-0.000010713594760265,0.000017190771501314,-0.00993527414159093,-2.12922453556858e-6,0.0000616887568424905,-9.74537394865958e-7,-0.0261802370708947,-0.0000220609842281777,2.15296551557446e-6,0.00264561330447098,1.81144973740673e-6,-9.05570889298103e-6,-0.00627565956189075,0.0017585440635766,1.77115645149193e-6,-3.84626632728297e-6,-0.0000267146171860761,0.00124828514734455,-1.42556933106439e-6,-0.0039063434500165,9.93293062055535e-6,0.000017369454046114,-0.0000145717114178407,-1.98129207279856e-6,0.0000149436687299518,0.000930372680386181,7.48467672142389e-6,-0.0000261424620776148,-8.52533122666343e-6,3.41978155801561e-6,0.000014438409245542,-0.0000172532077440414,-0.00345127569346234,-5.15849319584429e-6,0.000519699523954366,0.0000312213913986475,2.97319100703609e-6,-2.49805494473949e-6,5.55887985946005e-7
-0.180714090891339,-0.000266698111087531,0.947919944172128,0.0000114222512075516,0.0000226402142132672,-0.057926032216574,0.0000473992963357505,-0.0000205024611174596,0.0000410829082843745,-0.0000269232955798035,0.0000181043258167274,-0.0333649100080755,0.0000143884254826448,-0.0000370046925450219,-7.22285735423341e-7,0.0111862957925957,-0.0249657024726774,8.61186206229785e-6,9.45354802959865e-6,-0.091299511428575,0.000158962180361927,0.00750369444633563,0.000016309736819603,-0.0000196189126020601,-0.0000579237159170829,0.0000295774796411538,0.00477346590721001,-0.017636000659348,-0.0000262968465326838,-0.0000253189959111689,-0.0000422785407614445,0.0034336765418948,0.0000418034401944269,0.0000715164462762292,-0.0142518602266967,0.0000299387068856956,-3.29485413591776e-6,0.0000149988974097304,-0.0000142543043323737,-0.0000298241080523736,0.0000160538177867615,0.00287325940957539,-0.0000511889063169894,0.0000781926744986031,-0.000025013025593145,0.000110445456378653,-0.0000350882596800075,2.21010051014989e-6,-0.0113208248545778,6.28133978162426e-6
-0.0000581706550820812,-0.254239968928635,0.000102342136061289,1.6965733277862,2.47666966281577e-6,-0.0000418062307368234,-0.000051717406067567,0.000131661457410148,0.0000955301919967373,-0.0730837369846795,-0.000115434636682496,-0.0000165500411811679,-0.0000231607452427901,-0.0519813134736759,-0.0000828597263611574,0.000198290975053142,0.0000668431962709956,0.0239780852870721,-0.0000971377506788715,0.000357664905814335,-0.174732404113094,-0.0000628861950272713,-0.0000792580670036776,-0.0570512491419571,0.0118542709910962,0.000150852011186296,0.0000393902249779112,-0.00014066940015669,0.00798415951637614,-0.0000568641301369382,-0.0379153301618559,0.000100446577633427,-0.0000885067076934407,-0.0000639116626567615,0.0000434575105813837,-0.000173363553560122,0.00653884752899836,-0.0000320721847478409,0.000509106026073199,0.000134623208983977,1.38123266987151e-39,0.0000691879380343709,0.000127075786117774,-0.0213383427952523,-0.00015256309393934,0.00474692775379699,-0.0000187857085043625,7.24362276604532e-6,0.00013483763101212,0.0000503364327903334
-0.000551915846209804,-0.000453409196764428,-0.0000680702391678022,-4.40296828945025e-6,2.42109734468363,-9.08228342055546e-9,0.000345548221291766,-0.140883281151277,-0.000124024702167033,-0.000361617550469502,-0.0959496881425602,0.000864878523778969,-0.000060492026331828,-0.0000141860374200801,-0.0677885684154725,0.0000956653979910588,-0.000260947692527715,2.54527513645366e-39,0.000458462779234135,-0.000120655166097764,-0.0000777866499172873,-6.84200294031914e-9,-0.063551729135248,8.65595038816608e-6,0.000115391287268337,0.0000851832856140348,0.000159279127779876,0.0000199794672785288,0.0000960981294897519,-0.0381965502453825,0.000043390547602511,-0.000390297512827762,-0.0000801493868267811,-0.1714018158992,-1.10965730967161e-8,0.00048733697396924,0.0000101061581216533,0.00533327088947806,-0.000066884553409502,0.00748202764567285,-0.0320453314196386,0.000193596689287551,-0.000353038460979799,6.13118918550015e-6,0.00613378109575612,-0.000130691635188762,0.000202632030362562,-0.000181618036954259,-0.000041078184072702,-0.0179442126844167
-0.30369531874071,0.0000229503463329359,-0.231704128866296,-0.000279376243656704,9.08228342055546e-9,2.51896096621302,-0.0000739084385619953,-0.00247247044653397,-0.000174865679676758,0.0000191950383392881,0.0000513098735283227,-0.0943153548675968,-0.0000970615828223703,-0.000223021151462919,0.0000402312953333932,0.0270958392757111,-0.0688269219498991,-0.0000289831957985077,0.000155147878471983,0.0301216812165348,0.000046848425079219,-0.262659876164293,-1.16979657110314e-8,-0.000578975684562887,-0.0000186583346033291,-0.000262854912128073,0.014411884303908,-0.0495165331980016,-0.0000450808180183451,0.000346653985083289,0.0000184318360616278,0.00998085381590017,-0.000489377609131083,-1.27268238360084e-7,-0.039217838183282,0.0000979952639283766,0.0000332287924291056,-0.000157676636255178,5.56236922630229e-39,0.0000607533663389017,-0.000209194764100576,-0.02932169312685,0.000227536863444603,-0.000406945317046717,0.000311930891808737,0.000038185041742008,-0.0000657401748980431,-0.000180234921347779,-0.0332086253771504,-3.9451140459013e-10
0.000481747271562204,-0.000233278431657163,0.00020144700942694,0.0000976884336831822,0.000367144985122502,0.000065275768113871,2.33412736378384,0.0000107695844840997,-0.176537973300072,0.000292243115522338,0.0000469850174319365,-0.0000361968171046659,-0.104501906867771,0.000513215498769212,0.000326031009554742,-2.70435483248201e-39,-0.000153947051180677,-0.0000358194995002187,-0.0891053904806022,-0.000172367165709633,-0.000241091364701198,0.00037133440778503,-0.000182540658918251,0.0000662377777361861,0.0000809902144919179,-0.0657853316982454,-0.0000635085442047896,0.0000242346786280946,-0.0000794526446494195,0.000104360308400908,0.0000630286139983643,0.0000825524315143278,-0.0478694218828722,-0.000563013228322704,-0.0000581362864862654,-0.194547330552175,0.000643920827180661,-0.0000850704976800813,0.0144906425068205,-0.0000995013388718638,-0.0000704198670058957,0.000142279375355645,0.0162332477756041,-0.000530763653777008,0.0000158811832615674,0.000172060362325702,-0.0371458654813579,0.0161882610354019,-0.000145924940114589,-6.04724462395077e-6
-0.000113201071066336,0.000130476185939247,0.0000819496528661524,-0.000205414541421873,-0.176537034999838,-0.00309058805816746,-2.70954059880329e-39,2.58446569690848,-0.000563195701239631,-0.000573269494267123,-0.141309997301287,-3.61142867711671e-6,0.000186948281338055,0.0000230391709141136,-0.121816327064733,-0.000150818957622205,0.0000372885369631673,-0.000202784900834862,-0.000461763376471158,-0.000113383686844536,0.000213321861067012,-0.000174997907216597,-0.0760427388866722,-0.00018958877754833,-0.000183365367423635,0.00029162052004308,-2.18391074704249e-6,0.000126594979555845,0.000078180656101129,-0.0984450548488017,0.000209017200972134,-0.00020399445003761,-0.0000941556116119978,0.00832632591652261,0.0000802690889338074,0.000100082938447154,-0.0000325862399756866,-0.209471700191569,0.000115101213683495,0.0120444392457869,-0.0498649783190004,0.00102107573614996,-0.000114193040673655,0.000183922430826174,0.00865162006552834,0.000240706940607766,0.000427939467656117,0.000560889042482105,0.0000154399243306574,0.00821860709476265
6.87963795226602e-6,0.000183711722750142,0.000256768176777341,0.000265361644435381,-0.000193788597135989,0.000191668658909083,-0.259614666617753,0.000703994626549539,2.97943049780974,-0.0000381730807958314,-0.00058332669311375,-0.00023016590655877,-0.143051339889577,0.000269827085219087,8.77480470325755e-39,0.000121541640495761,-0.000220161297232438,0.000354546124560585,-0.12385367280847,-0.000079774521399157,-6.3344637629801e-6,-0.000390298881708892,-0.000208660153310914,0.000419033364406379,-0.000528385847749863,-0.116561683172845,-0.000116462370370802,-0.000157955917047051,-0.000779062929710256,-0.000349703330960022,-0.000245851965815113,0.00195163519586808,-0.09180453018225,-0.000104507114702347,3.83675741630976e-39,0.021309768392383,-0.000469158474752937,-0.000143876517104369,-0.272010449981052,0.000487945614928904,-0.000210155469854413,-0.000022209749553664,0.00838297221265857,0.0000521825236232291,-0.0000118929117223415,-0.000051587248272884,-0.0657866536705169,0.00271744902266607,-0.000132156683039733,0.0000802234377119398
0.000041770895537365,-0.364573127027184,0.000272888161732755,-0.203010380512999,-0.000565027422608596,0.000261170131941294,0.00042976928753285,0.0000899276592665296,-0.0000381730807958314,3.35097260927177,0.000447974216010244,-0.000136753883666066,-0.0000576623864496769,-0.107214489993324,0.000457700717064166,-0.000486043913569057,0.000118047793887382,0.0437263511982344,0.000234749698532328,-0.000402387499167619,0.0331603535752862,0.0000569743730413678,-0.000121879525598518,-0.0834407734854696,-0.33826323134762,0.000205643979834059,0.000322570045208356,-0.000190685522330837,0.015261398375263,0.000444550363987467,0.0016325866552641,-6.27611888944892e-39,-0.00010043198392266,0.00231961982273171,-0.000357173775395833,-0.000431330193601035,0.0110796976530615,0.000319930664481184,0.000352988294771595,0.0000872862676628927,0.000246553287759785,-0.000338455114359587,0.000077604409599935,-0.031121226657108,0.00021452099275455,0.0052318163032925,-0.000642972312774247,0.0000268571460737812,0.000638634861318779,-0.0000725856543937184
5.15314622053872e-10,0.000147816877123991,0.00494494089306793,0.000349731359353517,-0.19189937628512,-0.0000871573585275529,0.000128591022478635,-0.227726797128976,0.0000682133258994572,-0.000166872883938138,3.49495618797903,-0.0000804625906667863,-0.000271782298342032,0.000310295756943967,-0.131309559549792,-1.89524530000363e-8,4.35809552613704e-9,-0.000173686460084752,-0.000771996528649762,0.000433580548745516,0.000199731465207689,-0.0000190508459622456,-0.103877548801035,-0.00049356776114329,-0.0000718401663859792,0.0002602793237846,0.000283724114397578,-0.000693307970166579,0.0000475618847134178,-0.0806021959301469,-0.000978755218262167,1.55478739719664e-8,-0.000792397381282551,0.0149640580612134,0.000418389528201152,0.000355366015982053,-0.0002146069854885,0.0198031337100619,-0.000309820433603387,-0.339714772190773,-0.0795060553125192,0.000136284900620261,-0.0000849467002456634,0.000131480349796086,0.0163877068025028,-0.0000566942326876497,-0.0000739789270223839,-0.000120549744511247,-0.0000600984820402787,0.0139978804932267
-0.385487360977496,-0.000385689411369539,-0.30028419007268,0.000144290699700559,0.00194597667850268,-0.212209548452093,-0.0000766520832804689,6.50057161881023e-6,-0.00033143890544463,0.000324031637564968,0.0000692095945190197,4.24112643961908,-0.0006590890325724,-0.0000557617441006505,0.000617394541155258,0.0363512551635362,-0.108634455699331,0.000138465587782187,0.00020176038349442,0.0429611931648901,-0.000727298634101665,0.0316292590023799,0.000605643027115288,0.000232875909857038,-0.000464500865100032,0.000597454873987181,-0.468153236870586,-0.0868890495777153,0.0000538897561665114,0.000706306902543968,-0.000313216440905995,0.0160254248405778,-0.000821491475904802,-0.000799741751455356,-0.0710537741311615,0.000389460533507601,-0.000462002790023989,-0.000225117230338305,0.000610252375757362,0.000346451171772607,0.0000246696111960663,0.00893168409808439,-0.000308910229566551,0.000185387991818736,-0.000606008633766922,0.00064290191126784,-0.000287791205516558,0.000205191495417,-0.0349466538279507,-0.000520113624087844
-0.000926644973078098,-0.000766340385235526,-0.0011752024632476,0.000105510061661599,0.000155010817475309,-0.0007346777142568,-0.252034010681094,0.000300047431091257,-0.234604197418907,0.0000945663137774701,0.000241938301646431,-0.000750629175985233,4.09211951645736,-0.000384989505593018,0.000636166603296348,-0.000295690173625114,-0.000279750860792543,-0.000195329340833449,-0.127512140028325,-0.000375899003218452,0.000535671839387026,0.0000920452131820359,0.000322600641480844,0.000337256126927856,0.000252521907800294,-0.113674560712231,0.0000767985615905901,0.000729062596939447,-0.000153253674034937,0.0000944933858586401,-0.000164708453633163,0.0000218297085061983,0.00394199497860878,0.000840467760265061,-0.000404347391926048,0.0391507740470453,-2.83633532713334e-6,0.000234095733380992,0.01374807442876,-0.000108837959689756,0.0000952145358766354,0.000569155987057841,-0.384941370176227,-0.00105447459294977,-0.00476045299267948,0.0000289246845547405,-0.0795557819259538,0.0209470589760889,0.00018267454452829,-0.000518605725159745
0.00155810913092818,-0.486828432937956,-0.000287271704666581,-0.28300937335668,0.0000434447395989954,-0.000510745881612589,0.00108098822718071,-0.000115805963362583,-0.000528861087029411,-0.210140400386915,0.000475140377820449,0.0000758979294703299,-0.000480479608440737,5.10925635233227,-0.000274618299756294,-0.00310534563202886,0.0010571568046193,0.0603369710455335,-0.000056803845765624,0.000322136370025376,0.0446695740486154,-0.00061094093977812,0.000351178410647139,-0.107166048756292,0.031148107027178,0.001432822006483,0.000180407704392302,-0.0000762209292248396,-0.475353974019028,-0.000312337994525794,-0.0635916884746035,0.00114443205437885,-0.0000486771959938271,-0.000993250161353441,-0.00121391651980429,0.00063042020513732,0.00687998984410978,-0.0000270737312493363,-0.00015219895350193,-0.000327336214525581,-0.0000562658800290879,-0.00031747225948455,-0.000200132897710993,-0.0316550591833127,0.000279288424317583,0.0520556923887872,0.00110526684707158,0.000663028764414551,0.00312999812113652,-0.000102050224501243
0.00140364409878029,0.000110719675849566,9.38971456050366e-6,0.000171659192055341,-0.220312847350286,-0.000224627227279731,-0.000997271323343915,-0.316722450368306,-0.0000614803056963039,-0.000952017491493466,0.0618603113280297,-0.000646607265367614,-0.000806845448083173,-0.0000977630939898474,4.78271550591248,-0.000517657165284598,-0.000934480076272257,-0.0000913578041900796,-0.000483565556832749,5.67816794231057e-6,0.000242241730371267,0.000713978925527828,-0.134239802275153,-0.000862990373537039,0.0000974030537246508,0.000359829354271629,0.00114103398370925,0.0010202210814524,0.0000630057364619063,-0.101254267964925,-0.00108918008576104,-0.000171141301934629,-0.000662878604464654,0.0199347885612074,0.0000129477763701286,0.0000485777370353826,1.8584882228373e-6,0.0224942121703734,0.0002950041463853,0.0266323067250701,-0.087763024341004,-0.000824837686697623,-0.00603764769803251,0.000415698407968361,-0.558245172852379,-0.0000646546339046822,-0.00121707637798246,-0.000188167070770015,0.00015102100473099,0.0177376775324032
-1.93123318897602,-0.00394808043791939,0.177428313912969,-0.00146877235512628,0.000382661591964235,0.10838337460018,1.01811005458146e-38,0.0000985955492551284,0.000870010142273399,-0.00285243054138396,-2.73680117612766e-8,0.0646244536240643,-0.000461565149073348,-0.00394504448615833,-0.000637116511119506,6.43303048631719,0.0518750052055419,0.000274947387629619,-0.000384392517959008,-0.207470486723655,0.00135950651972871,-0.175476157544565,-0.000692150863025806,-0.000497529069075889,-0.000251760825631034,0.0000404246324866132,-0.146113019131385,0.0338256316900227,0.00353515293377832,-0.000775627125296679,0.0100896332805444,-0.200546534566904,-0.000522766540755049,-0.000311289974599945,0.0259264019894137,0.00185867742209404,-0.000467739058911773,-1.37626338995036e-7,0.0000918406340567045,7.23618243546767e-10,3.2216757461991e-8,-0.0963261022699648,0.000447903904659299,0.000854844908368891,0.0000949254253781168,-0.000273591604572866,-0.000132553324343557,-0.000376537456133001,0.0201580307980692,-0.000331364089921162
-0.538195046508259,0.000197530829694722,-0.398812042331044,0.0000974611026374272,0.000450566678865644,-0.275307623493784,0.000579565369150786,-0.000119323318282135,-0.000436478940825041,0.000112576045777686,1.90378358959262e-8,-0.193530123606714,0.000312011585532205,-0.00162637784013227,0.00115012932464278,0.0520994437008721,6.1159421312538,0.000976113164534692,-0.000458682005743202,0.0537684044912302,0.000702922157862159,0.0399174362029138,0.00121947963769003,-0.00004035294561873,0.0000517607460258301,-0.0198137679310543,0.0286157834440183,-0.121722761488813,0.0000967125197631634,-0.000283121488391809,-0.000316388073147939,-0.5296450062003,-0.000167374730636094,0.000998814212121653,-0.101281322363096,-0.0000355768311005443,-0.000788180426498969,-0.000100501436505988,0.000357947966509038,4.38860549328866e-61,-3.70534254604448e-8,0.0145759573361964,-0.0000946877552050301,-0.00898550481416175,0.000924646442822834,3.60051587715012e-38,-4.13847148700756e-39,-0.000133290089144481,-0.0799280701392473,0.000607470459981236
0.00389710782681803,-1.70041201267871,-0.000315532992084115,0.173175060406632,-0.0000890533473833375,0.000117744232931437,-0.000136956909853777,0.000659050927713302,0.000921819923857521,0.113688513115409,-0.00103629880739159,0.000250007311273393,-0.00131485481547154,0.0820475342959373,-0.0001141972552376,-0.00128765489936417,-0.00196090236476737,6.10363802346427,-0.000405000960606951,0.000912933948173287,-0.346853847161216,0.000533306335502228,-0.000315641649907724,0.0600391818009172,-0.185064069023184,0.00246205022157312,0.000135827035189469,-0.000938496600960227,-0.218658269782131,0.000544009376359819,0.0344645240538821,0.000090821108074575,-0.000644055282876384,0.00188771925681425,0.00276315853107804,0.000857108192252808,-0.0820304271616317,-0.000244511706469761,0.00066314375547124,-0.00115302580118481,-0.000205540263930996,-0.00254520827419591,0.0000872591275324524,0.0364050035110996,0.00129407516663484,-0.162095116321512,-0.000052209095469139,0.000246401224962359,0.000474083718699256,0.00242806960673338
-0.0000576307770190756,0.00143396397483155,0.0000748773054708693,-0.000701550421569627,0.00224645805497402,-0.000630288256292433,-0.340697081249361,-0.00150073097353126,-0.322019549302021,0.000610349216184053,-0.00122311323261547,-0.000364289581309369,-0.202153392727833,-0.0000753520403013379,0.000422828406093563,-0.000390398651052117,0.00046584891208294,0.000303789523659545,5.60436652260535,-0.000686402666880054,-0.00202556361724667,0.000372024533355392,0.000203626632490838,0.00190068225349785,-0.000242963141762704,-0.105544654681053,-0.0000787571705773828,-0.000414325911105645,-0.000304673674460357,-0.00208709511290263,0.0000645717906040564,0.00270319168592342,-0.0962775672202515,-0.000737823275126678,0.000074638412283484,0.0618962921941839,-0.000920763533872384,-0.00194963686674893,0.00706536745893199,-0.000180097095504241,0.000496789711433973,0.0000564320141870202,0.0332087520352628,0.00146617030733985,0.0000616155103646602,0.000520523635288697,-0.110425268623553,-0.557506841371995,0.000687900813741785,-0.000603001399202054
0.189771239470938,0.000146401655059064,-1.55222415013435,0.00270235706615276,-0.000512784455915498,0.129467115562517,0.000689468662838531,0.000385504535271424,-0.00072529432762784,0.00109449399773592,-0.00059499288453643,0.0828669496330827,-0.000623442249240359,0.000447046391055625,-7.42529653994446e-6,-0.213696888336093,0.0578776379890618,0.0009550693611659,-0.000718082789966825,6.08288343234808,-0.00061648968400947,-0.241906152572723,-0.000796851643086898,-0.0000560125203106018,-0.000557652276906695,-0.000110793215917334,-0.312467493049999,0.0496010008539011,0.00358400576243239,0.000387290011920021,-0.0018775727584371,-0.166973706280625,0.000818403598066403,-1.46227985182226e-7,0.0315129860681719,0.000279563277681263,0.000815474158645464,0.0000909914074012337,-0.0000644401173030871,-0.000767449459166094,0.000637309013350388,-0.179234648319405,-0.000325890666250398,-0.000245710336907325,-0.0000385567057744139,-0.00264723624629704,-0.00764571560537769,0.00112150812009938,0.0114284298211832,-0.000662299671778662
-0.00167531846756591,0.194488913995141,0.00290105979160517,-1.41732728632884,-0.000354901590247623,0.0005100769152212,-0.00103527468371691,0.000778624792894593,0.0000184966341879019,0.0968282324398356,-0.00152144873972406,0.00147480000803949,0.000953757177445192,0.064760404966162,-0.00034007012148274,0.00158588947717545,-0.001608762903969,-0.389543551427212,-0.00227486375475395,-0.00086159353419481,6.47325985296158,-0.00771255162661329,-0.000500943287642216,0.0568036146598334,-0.353280426973844,0.00136994274627858,-0.00137514881575133,-0.000561191052945453,-0.241888638793114,0.000416623123749953,0.0385028584474645,0.00155523241545955,0.000150634764956821,-0.000104755723220929,-0.00165325942075797,-0.000273911459547248,-0.242037082360723,-0.000219287013091611,-0.000236166248900425,0.000598054628008645,-0.00135372221860145,-0.0000657815917313719,0.00131628959552768,0.0205923515661547,0.00110836360095681,-0.165579778810336,0.000735705231622575,-0.000818735933456603,0.000905376356155562,0.000076973659583095
0.135479273100032,-0.000582775397636447,0.150710702135077,-0.0000783372178620041,3.42100147015957e-8,-1.30555915555489,-0.000434216150211879,-0.00108395137186379,0.000633080087913298,0.0000932916730166455,0.00031291267920795,0.0702872422275109,0.000529565387794301,0.000642765734356257,0.000709310285993945,-0.219345196930706,0.0498967953938542,-0.000656377028310435,-0.000118904711783545,-0.284595473614969,-0.00458399982094335,6.66575591180176,-3.8869684929916e-8,0.000166143962145528,-0.000413926270251975,-0.000845000123090043,-0.212605917988917,-0.025048745927643,0.0000939553577657776,-0.000340712251550652,-0.00019092520871004,-0.181478051165746,0.000141735581719124,-9.04522804433459e-10,0.00100238300608358,-0.000339596604748088,-1.71147142040238e-38,0.000878602835888953,0.00101487678616222,0.000437561436023428,0.000256541178917988,-0.152448616105585,0.00260496443361324,-0.00171948631779464,-0.000420794677531949,0.00124468352361406,-0.000942076469464385,0.00025565348382664,0.0213595614710445,5.86122382005022e-6
-0.000563208348582055,0.000724456711438483,-0.000149154147852669,-0.000704516151143801,-0.31775864567624,-2.37972948699077e-8,0.000859014865497651,-0.304170955546689,-0.000103741207404656,-0.000390014481915256,-0.259693895592633,-0.00134587339358953,-0.000674287489541774,0.000734255930651067,-0.206522772731005,0.00146066015573692,0.00152434954711253,0.000589352283374927,0.000250617393834877,-0.000815977800150442,0.000263032342774393,3.8869684929916e-8,6.42082278703624,0.0247672099138179,-0.0000405651015659623,0.000105633535735166,0.000308087127947647,-0.000353901860489761,0.000200909852726575,-0.136330518783149,0.000291576010021527,0.00311200585817535,0.00254539518561804,-0.0897210634220835,9.78725080744005e-8,0.0000284576217597685,0.000109443814771874,0.0328744283790506,0.000324485329086668,0.0349946914600058,-0.116367374482831,-1.86349525519234e-39,-0.00101191361006779,5.17308935875945e-39,0.0269074971745877,-0.00156742484214512,-0.0000695779254136238,-0.000742155568248683,-0.00145969298395001,-0.754539068608074
-0.00118526730929244,-0.508328424513151,-0.0000901204164892758,-0.513461242277614,0.0000438207488400908,0.00070471828810346,0.000143463672570846,-0.000598943962733365,0.00135766810067667,-0.270348106092922,-0.000280317437617489,0.000743055032926911,-0.000666286494662351,-0.177152039780809,-0.000287769583947027,0.000629685228049173,-0.00131971366171697,0.0748757534114029,-0.00236854250051271,-0.0000667207962523345,0.059356799335318,0.000141953349879673,-0.000288954445973714,6.89981432969164,0.0277562555759618,0.00040738763425603,0.00103950627755398,0.00135873359333032,0.0113730444361814,0.00070057364083078,-0.119611711429584,-0.000977589201265768,-0.00167742310551842,-0.000114719105406236,-0.00151918011054015,-0.000299558471341421,-0.548105303603453,-0.00256475486369309,0.000414576897719167,0.000330394930108017,-0.000158773710803083,-0.00431563797449836,0.000101358125915013,-0.0713103685129268,-0.000494739799803467,0.0204943384230114,0.000543443735671817,0.00046222675376179,0.0000477656187441211,-0.00260375762351281
0.00396666122161207,0.15462251061483,0.00128880267915509,0.115773677041252,0.000641864035430125,-0.00020282876802727,0.00180033967041488,0.000815975885035176,0.00116279984647428,-1.20421710359753,0.00058914149392116,0.00114834936094175,-0.000539681540598342,0.0565751331718131,0.000166709072721037,0.0000987062936690395,-0.00126062246891192,-0.253395417585591,0.0000741040365537611,-0.000729868421245527,-0.430711753433865,0.000381566890067282,-0.0000314074641270058,0.0303678981622805,7.08766478339859,0.000218644368356583,-0.00122315700173485,0.00120490020712013,-0.332696573699935,-0.0012782440682252,0.019513451817955,0.000995431998473527,-0.0000627877298871196,-0.000808326713150107,-0.000452782954001213,-0.000119477882313666,-0.252823607211206,0.000426533372004198,-0.00160479142468443,0.00101883282285977,2.41930131497367e-38,0.000143190350665671,0.00054885092533547,0.019257085984027,0.00130234149694002,-0.188915931197484,-0.0000907753144644995,-0.000121261155152429,0.00161008546067122,-0.000150355840896425
0.0000524766992282569,-0.000171802175794717,-0.000919505571109402,-0.00162584945389675,-0.00047301532724165,-0.000335688783319709,-0.3753633632194,0.00141435952220894,-0.452259330710637,-0.000797898641756148,0.000261146683697192,-0.000344612958553847,-0.26893737534357,-0.00283640274752756,-0.000671220141622077,0.0000612685836125232,-0.000346031867400621,-0.00265209867344658,-0.157505100062495,0.00015804326388208,-0.0018203348820414,0.000809774411064778,0.00194342000856479,-0.000487859265714011,0.000238297794725714,7.16335612218885,3.46679533875417e-6,-0.000838958557538095,0.00137406250439417,0.00125911633189986,0.00200876594117638,0.000104357389365794,-0.113795920846642,-0.0000678084905949216,-0.000190136419109865,0.0357967789956498,0.000642053383313334,0.000168664777689407,0.00493047418735411,-0.000198883088305252,-0.0000953068761540747,-0.000430730206258794,-0.0299051898364411,-0.000650790646421806,0.00119673668701181,0.00022029529709834,-0.118463217097609,-0.0605369584621047,-0.000517083249197162,0.0273524393312492
0.1009757087876,0.000384626632728297,0.121810880973401,-0.000437669166421236,-0.000995494548624228,0.0931200098283949,0.00037357967179288,0.0000109195537352126,0.000465849481483206,0.00129028018083342,-0.000886637857492431,-1.30088634118773,-0.000187313564855098,0.000149693767129198,0.00163602131868604,-0.228301592392789,0.0432293733482089,0.00020896466952226,-0.000121164877811358,-0.459511019191174,-0.0025711299215191,-0.265986451354254,-0.000329117888335824,0.00128334108339997,-0.00137433370981444,0.0000218293612949326,7.63484502814784,0.0282647376760419,-0.0000145516339360525,-0.00122779935717824,-0.00178583864241067,-0.19516023770047,-0.000124335834432081,-0.000039132879544405,0.0250520043564717,0.00144060176750172,0.0000980762902540123,-0.0000567010379035494,-0.00151830630268057,-0.00136213054889459,-0.00418171738302879,-0.131168815735619,0.0014633050527416,-0.000289232294485628,0.000423284618978398,0.000280528523535294,-0.356290221812636,-0.000143927717590974,0.0214898935347615,0.0040840745611088
-0.490412705142674,0.00267146171860761,-0.440900016483699,-0.00156299333507433,-0.000124871670490805,-0.314650553789598,0.000142556933106439,-0.000632974897779224,0.000631823668188202,-0.000762742089323346,0.00035946901730722,-0.241358471049209,0.00177820145594987,0.000373049842490088,-0.00196196361817769,0.0528525495156604,-0.18651956956739,0.0014438409245542,-0.00063742447862407,0.0701318169541024,0.000768754867048566,0.0842585357257144,-0.000807407580487353,0.00167744888065471,-0.00135382045743835,-0.000864905729420716,0.0247353002647874,7.77812894869658,-0.000647902570376633,-0.0000767082976465631,0.00207158374700976,0.023593688116052,0.0010148527914312,0.00272067904545221,-0.123684825066335,-0.000459614948769394,0.00532794811666464,-0.00374967347129648,0.000438629666324872,-0.00197233762460501,-0.00399846756604162,-0.6214351566257,7.06149853361769,-0.00188791186587655,0.00250349150883877,-0.0011516370197641,0.000467076007518075,-0.000424342787607455,0.0517477875814178,0.000913630096009642
0.00696546917087331,0.142636482699091,-0.000742885914548317,0.103013507499868,-0.00195095626321306,0.00140890461622301,0.00052812640266967,0.000441720706971379,0.00352136444229036,0.0689815206561886,-0.000646750342602451,-0.000169153956855994,-0.0000940871475345506,-1.11523962607632,0.000136916311926835,0.00624175439870234,0.000938030145012757,-0.380128992082782,0.00146289740444459,-0.0012056518649823,-0.374430358679752,-0.00053593651258192,-0.000476435400690604,0.0158660990282532,-0.422412503686434,-0.00160071198965507,-0.0000164433463477398,0.000732129904525595,8.23669390371626,0.0000981048862020505,0.117610557508902,-0.000400523478516674,-0.000540729990959512,-0.000664823945984829,-0.0000460244389940574,-0.00042835905262687,-0.183935871731957,-0.00186368261134162,0.00126735836274789,-0.000489646236795924,-0.000759157633478652,0.00422997367067352,0.000153960792496904,0.0136894262613998,-0.0001626383208778,-0.147452899254991,-0.000100989936712415,0.000425982009573194,-0.000735843225161644,-0.0000270016348158867
-0.000144851137769334,0.000165366042403469,0.0007342508814239,0.000732915455098314,-0.276924989279023,0.000416984060076375,-0.000712105633794432,-0.57098131812305,-0.0016226234556545,-0.00206271368890185,-0.295644248738703,-0.00227587779708612,0.000267347140478104,-0.000739412395203921,-0.225874905460217,-0.00140357599733474,-0.00151807614549803,-0.00058303993972451,-0.00372466204764162,0.00066067119680474,0.000662031265136912,0.000703245759238029,-0.19393631756231,-0.00100329064612803,-0.0016102949877734,0.00150574736598334,0.00184002253186393,-0.0000889816252700132,-0.00010070944070299,7.96964224283076,0.00117722923806019,-0.000864169218033659,-0.0000809551430269145,0.0292440335961347,0.00463822237660828,-0.000562125899863923,-0.000515100040474435,-0.0189284356920591,0.00257730074503721,0.045007837124021,-0.138791284120873,-0.00378286833794416,-0.00041496537611769,0.000253078705472143,-0.113152341712668,0.000981189934861159,-0.00242456193562823,-0.000128665676517858,-0.000900317158165257,0.0274958101963331
-0.0000468634008799513,-0.472667557451997,0.0012789258580337,-0.50975054995384,0.000337039860232223,0.00010787889469285,0.000448615429047181,-0.00126455406588141,-0.00120757908360497,0.00790171941147826,0.00370091816905382,-0.00105275525971182,0.000111889565228659,-0.157032536845449,-0.0027611241273467,-0.0190757129210293,-0.00147523283694298,0.064157037084919,-0.000120202871739859,-0.00144758975617952,0.0638198064677156,-0.000590813439336391,0.000880846151059764,-0.178679223246662,0.0265295243817141,0.00250578019466331,-0.00216086475731691,0.00232922414224089,0.125936968659975,0.00122797187763175,8.87451605477628,3.0756023546788e-38,-0.000500915034043652,0.000763606567170951,-0.00490137397092605,-0.000780360805222396,0.030090461898669,0.0000991082724212573,0.000824620750926244,-0.00439359612596566,-0.0000503613950098979,0.00141675435046016,-0.000384172956537917,-0.183757154601299,-0.00287304533600107,-0.794823973914907,-0.00108238749246898,0.000256319900056238,0.000532393339806913,0.000225907742817374
0.104925171810514,-0.00195222632906938,0.10753680898246,-0.0014285735485643,0.00155173239573604,0.0798470416692692,0.000566309479143574,-0.00130556448024071,0.00042085174843903,0.00010352149205166,-7.94143765250363e-9,0.0560981649912862,-0.0000649041625055397,-0.000193425039526327,0.000492939404716235,-0.413954346510358,-1.06071079803772,-0.00153109816785332,-0.000321455764362521,-0.308711358069319,0.0129723037246353,-0.290364698540135,0.00497920937308055,0.00157636085299794,0.000270342992773385,0.000175110103634998,-0.241145517267479,0.0307033131790526,-0.000533863631796097,2.98159240830774e-39,0.000135577952685719,8.3508585055432,0.0025078797474322,0.000662728179842325,0.022776973683399,0.00478142937941343,-0.00143470572044113,0.00115103775545409,-0.000134967512693646,0.0000188427168300198,4.14056986160651e-9,-0.178037542001268,0.000093203592146245,0.00270563346512684,-0.00522761543821926,0.000153080218193165,-0.000243528227286166,-0.00174893150514709,0.017882747696463,-0.0113355178238542
0.0003715315638465,-0.00237961520431762,-0.00143176782665912,0.00134726877266682,-0.000686279124704313,-0.0041902957781849,-0.385771223409029,-0.000299644882402046,-0.503088825398731,0.00012668487963906,-0.00324252022908788,-0.00286957061056273,0.013172032001693,0.000136097466350088,0.00174643016945495,-0.00111904712630378,-0.00126632926622247,-0.00135747036544715,-0.202923487833453,0.00164884254316319,-0.000282698120535405,-0.00481884564471201,0.00432848525939195,-0.00283712303032127,0.0000966507752194987,-0.160722073773092,-0.000317866480640863,-0.00139034832426074,-0.000655575298773922,-0.0000956108154714422,-0.000567151732760168,0.00102310341090227,8.74963223307478,-0.00324979874966035,0.000454483915144541,-0.0169191137132643,-0.0000797252120449629,-0.0010316419207155,0.0243539832825104,-0.000117034062700559,0.00193807867074742,0.00115881914720671,-0.0181631789553674,0.00122551311130786,0.000387036613799192,-0.000555966470810054,-0.133993922342651,-0.0264693783437897,0.000911952129601919,-0.00129526578577992
-0.0027491666394196,0.00209832644416906,-0.00257459206594425,0.00102258660250818,-1.5426163430928,-8.96636169238535e-8,-0.00476905322814526,0.0572882902765199,0.000601960980685518,-0.0133610101789347,0.0673383061232629,0.00232987552740491,-0.00317734614881819,0.00291893924969174,0.0541757328389226,-0.000700402442849876,-0.00139486900354995,0.00378394858455825,0.00163456233258833,3.09659262738832e-7,-0.000206641426627585,1.62814104798023e-9,-0.16149791415975,0.000203945076277753,-0.00130785445723163,0.000100664150986275,-0.000213582207100763,0.00391777782545119,-0.000847209276299252,0.0363029382572706,-0.00119870182034616,0.000745569202322615,0.00341584686095686,10.7909534197213,5.06895680286104e-8,0.00108305991001817,-0.0739262322867933,-0.194583349831036,-0.000179292341680515,-0.198170662584762,0.0336382172793031,0.000345968612691668,0.00553598741920715,-0.00108132282818815,-0.168420681012975,-0.000333046125882438,0.00454730792765498,0.00174787331122079,0.00236584211486979,-0.426092911102552
-0.539112131770825,0.000865903029211916,-0.513066968161082,-0.0013713493672041,5.54085281819764e-8,-0.353176128811976,0.000492448544354248,0.000164868242456975,-2.84487834438095e-38,-0.00115978924432051,-0.000451723681304796,-0.283657406025193,-0.00230101532542533,0.000104314202392961,-0.0000986784447842653,0.0583342532998573,-0.227882975316966,-0.00657905095207247,-0.000401413876463221,0.0667004783964021,-0.00116552577894427,0.103029717600833,8.3370207286001e-8,-0.00384522941960889,-0.000111346016108902,-0.000282264374761037,0.0360748862733193,-0.182060155143531,0.00351422407556493,-0.00551317197255621,0.000234097871208599,0.0256249483602357,-0.000213327033718219,7.61984156382279e-8,10.1816389019396,-0.000330904960389697,-0.00263125340158342,-0.00070084937557909,0.0049422561573876,4.31924774213851e-39,0.000051798661803693,0.0106527983842539,-0.00236300984450575,-0.00904522205601933,-0.000441929590295783,0.000124313076560581,-0.000173301684898973,-0.00241237553813778,-0.124967995365873,3.54794465228227e-8
-0.0021128981555869,0.002166831965843,0.0013932560189933,0.00279307947402419,-0.00441649132659624,0.0012361730278662,-1.65937429000385,0.00072560130374187,0.123596656675822,-0.00250171512288601,0.000848687890377661,0.00156866048218339,0.138460054556623,0.00186552917846758,0.000135457151348663,-0.0042110660344318,0.0000806037579621708,0.0019120105827178,0.138076344125487,0.000596127577408576,0.000544070707319876,-0.00199107723049935,-0.0000515794394395801,0.000530064794064028,-0.000194654976803163,0.053510649014116,0.00208887256287749,-0.000666441675715621,0.000549664271069878,0.000805932724693724,0.000935143113696258,-0.00541646296886678,-0.0179070911563746,-0.0010905811593933,-0.0000785700634305759,9.67008780335669,-0.000947572650765989,0.00272355977043912,-0.310799281620496,0.00194396288760755,-0.00254025152841184,0.000510821398912491,-0.367298470590278,-0.000420263376518444,0.0000530585340018954,0.00599290128691723,0.0217085037430527,-0.366654062581071,-0.001952450826142,3.663831321638e-6
-0.00112721429712506,0.133933559402046,-0.000119438462427019,0.112829097611998,-0.0000915870579774831,0.000254114021389537,0.00549226587889387,-0.000236250239823728,-0.00272111915356704,0.0642622463877574,0.00121048752169477,0.00186084457092996,0.0000100309420105957,0.0203591536203247,5.18232292906551e-6,-0.00105972130534699,-0.00175000536029057,-0.182990952899024,0.00205401096017686,-0.00166736073948324,-0.480758588250751,-0.00317924763202758,-0.000155998159361239,-0.981176160771614,-0.411903629726121,-0.00144183672541144,-0.000367167378838747,0.00772552476916373,-0.236023906204724,0.000643875050593043,0.0362860547212026,-0.000466952901492411,0.0000843806988797053,-0.000926418987510911,0.00103575885895189,-0.000947572650765989,9.48969094559147,0.00102549856246901,-0.00215737798058805,0.000231558752033826,0.000689386807239256,-0.00587500887108898,0.000315220436740446,0.0135683346724102,-0.0000744625259789818,-0.0818256402550415,-0.000524656318540402,-0.00286827625862093,-0.00195231127774551,0.000403676482325142
0.00264779512819743,0.00110773215477074,-0.000162862249221115,-0.000527409260297828,0.049332755727672,-0.00110349199793782,-0.000740613744508938,-1.55009058141761,0.000851748981257866,-0.00189398953372861,0.0972366798212726,-0.000925481946946366,-0.000845028500985045,-0.000081773718875546,0.0640219884849097,3.18260908926022e-7,0.000900330402982963,0.00055673434703884,-0.00443917317352063,-0.000867023128694332,0.000140252020012601,-0.00167033117583209,0.0608176925012436,0.00468621876329108,0.000647451144565997,-0.00025734419688693,0.00058190424632108,0.00554951673751878,0.00244092943786336,-0.0241500731243517,0.000121223341473934,-0.00144147575622415,-0.00111447448369266,-0.199733749402686,0.00178539270919372,0.000911586971756043,-0.0010467157741063,9.60065022793829,-0.00317149441525556,-0.262698956391317,0.0480008569749953,0.0020995790428598,-0.00234595312869613,-0.00433026940760894,-0.450159092743833,-0.00225318021722002,-0.00247741900689439,-0.000634443301197134,-0.000131940566024463,-0.211265365655697
0.00108649826516494,0.00294718041052208,0.000545227140713295,0.00865480244324439,-0.000639583541978363,0.00228859455272761,0.130415782561384,0.000880524284678741,-1.66470395388404,-0.00216028836400216,0.00278212786378359,-0.00259357259696879,0.0513037899414704,-0.000475233467057046,-0.000867992969172134,0.000219556515791809,0.000855719357435669,-0.000574088401516836,0.0166307880187164,0.000459601547986527,0.000187615050581156,0.00125345696007291,0.000490967438797072,-0.0000546907697110706,0.00102895871170435,0.00777693351201213,-0.00232300864310126,0.000517115934620043,-0.00101950919387177,-0.0033993708102646,-0.00180440344830897,-0.000506766477289396,0.0271982441038251,-0.000190498113035547,-0.00310013547441007,-0.32794682819266,0.00227640573124119,-0.00347121257999998,9.90068944669821,0.00384964048784654,-0.000158455449412085,-0.00154444153830083,-0.404031335546996,0.0000997781193121349,0.00444360803788625,0.00260904015886074,0.0537967640153631,-0.413760927191002,0.00294142698443802,0.0015906770728932
1.11934523428294e-7,0.00174815335324853,0.00157676636255178,-5.56236922630229e-38,0.0748203401369588,0.00058053913842245,0.00177683007991026,0.102730231749945,0.00154910216801694,0.00227536863444603,-1.69857386095386,0.00418704532976233,0.00018052446398855,0.00180234921347779,0.0765090289619341,-1.80904560886692e-9,1.91183975641022e-60,0.000679193209496177,0.000602748722556236,-0.00175720567177791,0.00202975357232445,0.0019256970655173,0.0699894024661336,-0.000851368721987884,-0.00520992886722647,0.000123668601573856,-0.00121972091302388,0.000144211494083004,-0.000511306967653281,0.0511595549349138,0.000398155884236644,0.0000117224476401004,-0.000406217637695817,-0.220189625094181,-2.15262667846797e-38,0.0014767282692886,0.00686420700040316,-0.281502677399072,-0.000233186151537406,9.91801900109648,0.0973436010568122,-0.00160795917779185,0.00147096782129096,-0.00039960426572669,-0.253713509019141,-0.000208056002951358,-0.000647827774547052,0.0050138240419206,-0.00394602386090143,-0.233904829596901
-5.25806637377161e-8,-0.00101248703679061,0.000981486826744728,-3.16097593820105e-38,-0.320453314196386,0.00129693142122777,-0.00500336244857925,-0.398919826552003,-0.0014192631144868,-0.00255668369491703,-0.414298556784859,0.000259124744762011,-0.00133279218834479,0.000446015418292468,-0.270268548698117,-8.05418936549775e-8,-9.26335636511122e-8,0.00397411894735451,0.000865881415262771,-0.00124758941643902,0.00021194311806707,-7.33291191931532e-38,-0.232734577544092,0.000313627083067819,0.000043092636820502,0.000157207218398474,-0.000892246725502011,0.00612574663617357,-0.000314880839263715,-0.18856044099661,0.000237030037464687,-5.17571232693086e-9,-0.00382516842266048,0.0373757558654749,-0.00155943923791757,-0.00153992057999628,-0.000260353594852931,0.0503891094752518,-0.00158250660198929,0.0641805821799522,9.80123326198609,-0.00209383256516474,-0.00166021127706048,-0.000775336831502558,0.0490626570616968,0.0026211600498234,0.000182939799580025,0.00159518030930976,0.00476137246801985,0.0320272232683358
0.0866781812056831,0.00236789911626888,0.115927333526372,-0.00126075798195965,0.00198754450857274,0.013206212604172,-0.000824297845817411,0.00093405238168946,0.000935975236917703,-0.00222026555019889,0.00243522432243595,0.0408116737927392,-0.00235541603583071,0.00106256021541768,0.00260141116573866,-0.24037720492209,0.0386936485103252,-0.00642175626104814,0.000142382312718021,-0.432271798887979,-0.000147783301971849,-0.308286529041973,0.00161152696623007,0.00873783491133001,0.000263856376507528,0.000505139892430343,-0.215116857806416,-1.01915365686615,-0.00613907683177396,0.00187716079400339,0.00185714038783891,-0.226117029510962,-0.00138719956307957,-0.000394019808898844,0.0185148138141441,-0.000577756616701025,0.00717352397501154,-0.00246088663333825,-0.00163163905708805,0.00168773968300819,-0.00221441175017231,10.1998698983048,-0.00080234906791974,0.0000981469168523526,0.00314503985245982,0.00689371949638776,0.00128089305391501,0.00401424396359053,0.0156586872597142,0.000215737836311788
0.0156806300016664,-0.002915792108743,0.0021627312918928,-0.00238620087265598,-0.00346436710938525,-0.000590055169401154,0.161377580828065,-0.000964931193692383,0.0566688921575719,0.00052460580889556,-0.000190678965087906,0.00145016191102075,-1.5867095502386,0.000181554307458761,-0.0196223550186057,-0.00118274624824096,0.000250034853588283,0.000226873731584377,0.0863427552916834,0.000739319212376037,0.00113656223711135,-0.00193463760745283,-0.00213766750126822,-0.000211475596044903,-0.00104220007170443,-0.0521028565191603,0.0024729855391333,11.9339325218139,0.00023025994630068,-0.000604561625550773,-0.00053657214590833,0.000123057867755589,-0.0224056733099054,0.00649709634615284,0.0945851343071862,-0.42809270020522,0.000367394853856106,0.00267882485641653,-0.446282978480016,-0.00140837956082741,-3.60887555431866e-38,-0.000826810929746561,10.5388837513635,-0.000918324727696895,-0.000314832484840128,0.00691147545317265,0.0181037675576019,-0.368951492777255,0.00152062159961036,0.0468862900143958
0.00145333746602381,-0.583265592195136,0.00330364049756598,-0.400686659155294,-0.0000647606857718454,0.00309274883946641,-0.00527641514637143,-0.00155414454048117,0.000777633925362439,-0.21037949220205,-0.00453949349500312,0.000870293628260178,-0.00434649283435391,-0.10917765310163,-0.00135101982589717,0.000188347381324592,0.0225121212018434,0.094653009128859,-0.0038120427990836,-0.00119672263680038,0.0476727043106869,0.00364255490707127,-0.00108351226543039,-0.148783361465242,0.0365668261943883,0.00113385174479676,0.000488802577680709,0.00650475213381486,0.021120833423522,-0.000789358452705547,-0.256652554773715,0.00255268173023465,-0.00115487065890743,-0.0012690524858597,0.000178960567063296,-0.000234377830642115,0.0259417325847873,0.00457366932557509,-0.000110212432442816,-0.00216498296552308,0.000213263471376205,0.000101139200902728,-0.0000644803994954277,10.7030964105643,-0.00189181628881275,0.0216452661444705,-0.000208997268506203,0.000603279915828357,-0.000262583347103647,-0.00330418726839137
-0.00399870875727678,0.00194730266753801,0.00125931543135667,0.00305126187878681,0.0677196660486532,-0.00173225585886303,-0.000168153705122478,0.0778645805897541,0.0000856289644008583,0.00202376838152834,0.0921808507640777,0.00303004316883461,0.0208995497239587,-0.001025957477085,-1.9323871367967,0.000266977758875954,-0.00260056812043922,-0.00259308318150309,-0.000170627567163674,-0.000707721380660773,0.000133757075540391,-0.00245183498801026,0.0594077103545992,-0.00109942177734104,0.00263394909493487,-0.00222074849136212,0.000761912314161117,-0.00450628471590978,-0.000259069891663753,-0.175581219898966,0.00427395173950572,-0.00735133420999583,0.000508515259006237,-0.210525851266219,0.00143056138893177,-0.0000658657663471808,-0.0000924362391463227,-0.547490788472228,-0.00522777416221911,-0.288173253100136,0.0370911602603133,0.00234296676132789,0.000335324540066408,-0.00201495226027393,10.7537444130877,-0.00189641417442358,-0.000989065521641229,0.00136097999089019,0.00361107672279085,-0.256012597255772
0.0311994006536555,0.0980913376918183,-0.00510810235751269,0.0975757371613833,0.00151112203187006,0.000903309803944069,-0.001872421590015,-0.00222653920062183,-0.000381745637219342,0.0405616695092323,0.00650720032315126,0.00330380148845973,0.000130513820551878,0.1965367977944,-0.00023002129369935,-0.000325970070180088,4.70236723649238e-38,-0.461347638761227,-0.000885265914402741,-0.00720203978771989,-0.419619987396058,-0.0577105956655775,-0.0013815630001235,0.0460060781095352,-0.392690418781287,-0.000107658133053417,-0.000518977768540295,-0.00216611202343083,-0.241405189045783,-0.00156482877542512,-1.22277070975729,0.0046016003473,-0.000750757643064671,0.000880294340636583,0.000750316526752183,0.00199406128994593,-0.104398230670225,0.00281647527152503,0.00315472176071397,-0.00207080758343229,-0.000244786500841577,0.00777645187092522,0.00756581632447894,0.0340550893966226,0.00194909234593534,11.0416250741153,0.00438580851229984,-0.00291127164975878,-0.000919324900324014,-0.000906535286546494
-0.0000708918749573455,0.00418820082589432,-0.00162283201020035,-0.000386150674811896,0.0011339348282942,-0.00496926802707442,-0.4042344184736,-0.00395844007581908,-0.486821237161825,0.00475799511452943,-0.000581324712260718,0.00147892702834898,-0.358971211129304,0.00417294625935187,-0.0671157405308499,-0.000383161953180594,0.00118609330831137,-0.000488052355678263,-0.314287303005497,0.0208008439263952,0.00186445846370105,0.00016535836046236,-0.00150255394003213,0.000938039190170051,2.65795611377947e-39,-0.225935001681007,0.659136910353376,-0.000403616900968505,-0.000165337507007051,-0.0013170421783901,0.00126420752602293,0.000138838952023736,-0.180940698053944,0.00584202754594563,-0.0000531521545618065,0.0276970564997572,0.000669389096068788,0.00309677375861798,0.0650483747898181,-0.00267864759805794,0.000536606230452872,-0.00144490984740413,0.0198177337169013,0.00022878399215176,0.000662184431654682,-0.00171849978345296,10.6256569888285,-0.00256862928336521,-0.00201110351942359,-0.00107328945958314
0.00391218941104518,-0.00248308366513271,0.000106637349614733,-0.00059947751073209,-0.00219076757076075,-0.00128930386537627,0.183784375284269,-0.00541257925995232,0.0209787064549827,-0.000207337167689591,-0.00030504080367217,0.00110005440598558,0.0986044483508573,-0.0026115214598369,-0.000698389320357939,0.000158559562181449,0.000401952925076326,0.000731622098734389,-1.65536646745839,-0.00318310392910559,-0.00216460322133047,-0.000836298439837286,0.000607596259835619,-0.000751945600580736,0.000262959583645155,-0.12044982456893,0.000602582065174988,0.00081898158008239,-0.000727562193341826,0.000214073065240919,0.00089914776813581,0.0000461178364554524,-0.0372889782507398,0.00234263575740009,-0.000348374093400428,-0.488029200538943,0.00381777460630234,0.000827348358993559,-0.521933718613485,0.00604792525056672,0.00326894195140812,0.00522390400338146,-0.42134697104148,0.000688952803283271,0.00147555393310233,0.00293390076450036,-0.00267970514426748,11.5653528990207,-0.000281688385476392,-0.000661677493084954
-0.557395173033557,-0.00185694780406837,-0.554720417874313,-0.0138097375025966,0.000503207754890599,-0.405501485524098,-0.00168242872132114,-0.000151311258440442,-0.00103610839503151,0.00466443475705992,0.00305072374498625,-0.190265115285509,-0.000396811620708097,-0.0125199924845461,0.000569233017832193,0.0623868274700156,-0.249980151129698,0.00212941764054003,0.00207428553066753,0.0348200416129821,0.00243087350419849,0.0504403472107777,0.00604505907709161,-0.000115581003380836,0.00354580618305122,-0.00104482800868705,0.0416755158401698,0.101425663659579,0.00127632984187329,-0.00152122554310681,-0.000862389211588058,0.0266071568918621,0.00170696346207721,-0.00046482341454112,-0.172443137346109,0.00263981655573126,0.00263898627888359,-0.000174732100951317,0.0037681025421559,-0.00149757373896873,-0.000192071098565405,0.0215894619756121,-0.00176356114511024,0.000304534532735591,0.00393206132037226,0.00448325784898609,-0.00213068264760554,0.000286066961416439,11.8329567924503,0.000410216697572164
0.00201481078290548,0.000115624701076769,0.000326629668644461,-0.00135475499930743,-0.233274764897417,5.12864825937228e-9,-0.0000739898165753982,0.0854735137855316,-0.00066745900176334,-0.000307735204416348,0.0909863146846516,-0.00300510093917421,0.00002320186971753,-0.000951083653280101,0.0706313446944625,0.00107693329224378,0.00197427899493902,-0.00776982274154683,-0.000654818767076729,0.00187043635261289,0.000688937433177741,-0.0000306194148487821,-1.96180157838099,0.00357114817220301,0.000351393425915241,-0.0254880135034539,-0.00849487508710629,0.00190035059970005,-0.00284201369586402,0.0524456673569743,0.00146230010920923,0.12040566111805,-0.000288673060098377,-0.615467538259241,9.5023798976664e-7,-5.25570286138281e-6,-0.00201319008844006,-0.296913486867466,-0.00216248909256069,-0.30407628815452,0.0416390867937766,0.00361869819023306,-0.057706203094641,-0.000923006401940452,-0.295836779051114,-0.00212839071126418,0.00197544635686957,-0.000713103204982747,-0.000033988344223668,11.5890108676466
